{
  "latitude_deg": 13.788166549947846,
  "elevation_deg": 36.89236324141438,
  "declination_deg": -21.665374528206105,
  "hour_angle_deg": 40.30616653591386
}